{"cameraMode":{"drawMode":0,"name":"Shaded","section":"Shading Mode"},"sceneLighting":false,"audioPlay":false,"sceneViewState":{"m_AlwaysRefresh":false,"showFog":true,"showSkybox":false,"showFlares":true,"showImageEffects":true,"showParticleSystems":true,"showVisualEffectGraphs":true,"m_FxEnabled":true},"in2DMode":false,"pivot":{"x":-0.18065237998962403,"y":1.8828539848327637,"z":1.5584378242492676},"rotation":{"x":-0.2949362099170685,"y":0.1704750657081604,"z":-0.05274471268057823,"w":-0.9390144348144531},"size":4.6421685218811039,"orthographic":false}