{"cameraMode":{"drawMode":0,"name":"Shaded","section":"Shading Mode"},"sceneLighting":true,"audioPlay":false,"sceneViewState":{"m_AlwaysRefresh":false,"showFog":true,"showSkybox":true,"showFlares":true,"showImageEffects":true,"showParticleSystems":true,"showVisualEffectGraphs":true,"m_FxEnabled":true},"in2DMode":false,"pivot":{"x":106.26746368408203,"y":18.434236526489259,"z":85.82546997070313},"rotation":{"x":-0.11998336762189865,"y":0.024416808038949968,"z":-0.002951880218461156,"w":-0.9924717545509338},"size":12.12435531616211,"orthographic":false}